[{"alert":"content://settings/system/alarm_alert","captcha":0,"daysOfWeek":{"mDays":31,"mWeekRepeat":0},"enabled":false,"extendedConfig":{"gradualVolumeIncrease":-2,"isSelfDisposable":false,"lastEnableTimestamp":0,"selectedPlaylists":[],"snoozeAfterAlarm":-2,"snoozeDuration":-2,"snoozeLimit":-2,"snoozeTotalTimeLimit":-2,"soundDelay":-2,"terminatesTracking":true,"timeToBed":-2,"vibrationStart":-2,"vibrationStartSmartWatch":-2,"weekRepeat":0},"hour":8,"id":1,"label":"","legacyVibrate":true,"minutes":30,"nonDeepsleepWakeupWindow":30,"silent":false,"suspendTime":-1,"time":1606811400000},{"alert":"content://settings/system/alarm_alert","captcha":0,"daysOfWeek":{"mDays":96,"mWeekRepeat":0},"enabled":false,"extendedConfig":{"isSelfDisposable":false,"lastEnableTimestamp":0,"realNextTime":0,"selectedPlaylists":[],"snoozeAfterAlarm":-2,"snoozeDuration":-2,"snoozeLimit":-2,"snoozeTotalTimeLimit":-2,"timeToBed":-2,"weekRepeat":0},"hour":9,"id":2,"label":"","legacyVibrate":true,"minutes":0,"nonDeepsleepWakeupWindow":30,"silent":false,"suspendTime":0,"time":0}]