<?xml version='1.0' encoding='utf-8' standalone='yes' ?>
<map>
	<boolean name="alarm_with_flashlight" value="false" />
	<string name="country"><![CDATA[gb]]></string>
	<boolean name="offscreen_tracking_support" value="false" />
	<long name="key_last_setting_modification" value="1606463309304" />
	<int name="sleep_score" value="0" />
	<int name="records_count" value="2" />
	<string name="key_next_promo"><![CDATA[2020111700:2020111923:50:1606462481807]]></string>
	<int name="news_card_shown" value="4" />
	<long name="country_update_time" value="1606462481519" />
</map>
