<?xml version='1.0' encoding='utf-8' standalone='yes' ?>
<map>
	<boolean name="key_card_pinned_LATEST_GRAPH" value="true" />
	<boolean name="backup" value="true" />
	<boolean name="oximeter" value="false" />
	<int name="lucid_volume" value="50" />
	<int name="awake_light_sensitivity" value="2" />
	<long name="country_update_time" value="1606473361316" />
	<boolean name="screenlight" value="true" />
	<int name="smartlight_max_intensity" value="100" />
	<boolean name="flip_to_pause" value="false" />
	<boolean name="key_card_removed_ADD_ON" value="true" />
	<string name="airplane_mode"><![CDATA[0]]></string>
	<string name="lucid_sensitivity"><![CDATA[2]]></string>
	<string name="gradual_vibration_smartwatch_new"><![CDATA[60000]]></string>
	<string name="suppress_alarm_mode_when_captcha_active"><![CDATA[1]]></string>
	<string name="showcase_settings_shown2"><![CDATA[sc_dashboard@@@sc_dashboard_track@@@sc_tracking_2@@@sc_graph_detail_edit@@@settings_category_captcha@@@settings_category_noise]]></string>
	<string name="settings_temperature"><![CDATA[-1]]></string>
	<boolean name="hr_wear" value="false" />
	<string name="anti_snoring_response"><![CDATA[0]]></string>
	<boolean name="key_card_removed_UNDO" value="true" />
	<boolean name="smartlight_mask_enabled" value="false" />
	<boolean name="alarm_fullscreen" value="false" />
	<boolean name="backup_local" value="true" />
	<int name="lullaby_volume" value="100" />
	<boolean name="analytics_opt_out" value="true" />
	<string name="binaural"><![CDATA[0]]></string>
	<boolean name="time_to_bed_smart" value="false" />
	<string name="snooze_max_time_limit"><![CDATA[0]]></string>
	<string name="settings_alarm_sorting"><![CDATA[0]]></string>
</map>
