Id,Tz,From,To,Sched,Hours,Rating,Comment,Framerate,Snore,Noise,Cycles,DeepSleep,LenAdjust,Geo,"7:00"
"1606852800000","Europe/London","01. 12. 2020 20:00","02. 12. 2020 7:00","02. 12. 2020 7:00","11.000","0.0","Manually added","10007","-1","-1.0","-1","-1.0","0","","0.0"
Id,Tz,From,To,Sched,Hours,Rating,Comment,Framerate,Snore,Noise,Cycles,DeepSleep,LenAdjust,Geo,"12:14","12:15","12:15","12:15","Event","Event","Event"
"1606738485202","Europe/London","30. 11. 2020 12:14","30. 11. 2020 12:15","10. 12. 2020 8:51","0.010","0.0"," #fullmoon","10007","-1","-1.0","-1","-2.0","0","","0.0","-0.001","0.17369747","0.05007553","LUX-1606738485642-9.0","DEVICE-1606738523228-3.30427818E18","TRACKING_STOPPED_BY_USER-1606738523229"
Id,Tz,From,To,Sched,Hours,Rating,Comment,Framerate,Snore,Noise,Cycles,DeepSleep,LenAdjust,Geo,"12:12","12:12","12:13","12:13","Event","Event","Event"
"1606738356966","Europe/London","30. 11. 2020 12:12","30. 11. 2020 12:13","10. 12. 2020 8:51","0.010","0.0"," #fullmoon","10007","-1","-1.0","-1","-2.0","0","","0.0","0.101555824","0.0","0.21582031","LUX-1606738357411-5.0","DEVICE-1606738388118-3.30427818E18","TRACKING_STOPPED_BY_USER-1606738388119"
Id,Tz,From,To,Sched,Hours,Rating,Comment,Framerate,Snore,Noise,Cycles,DeepSleep,LenAdjust,Geo,"8:18","8:18","Event","Event","Event"
"1606551473643","Europe/London","28. 11. 2020 8:17","28. 11. 2020 8:18","10. 12. 2020 8:51","0.010","0.0"," \n ","10007","-1","-1.0","-1","-2.0","0","","0.0","1.1119881","LUX-1606551474071-9.0","DEVICE-1606551492823-3.30427818E18","TRACKING_STOPPED_BY_USER-1606551492824"
Id,Tz,From,To,Sched,Hours,Rating,Comment,Framerate,Snore,Noise,Cycles,DeepSleep,LenAdjust,Geo,"8:12","8:12","8:13","Event","Event","Event"
"1606551161794","Europe/London","28. 11. 2020 8:12","28. 11. 2020 8:13","10. 12. 2020 8:51","0.010","0.0","\n","10007","-1","-1.0","-1","-2.0","0","","0.0","0.02960968","0.029663086","LUX-1606551162280-7.0","DEVICE-1606551186157-3.30427818E18","TRACKING_STOPPED_BY_USER-1606551186158"
Id,Tz,From,To,Sched,Hours,Rating,Comment,Framerate,Snore,Noise,Cycles,DeepSleep,LenAdjust,Geo,"8:10","8:11","8:11","8:11","8:11","Event","Event","Event"
"1606551046947","Europe/London","28. 11. 2020 8:10","28. 11. 2020 8:11","10. 12. 2020 8:51","0.010","3.0"," #lullaby","10007","-1","-1.0","-1","-2.0","0","","0.0","0.09353542","0.06975651","0.019688606","0.09365463","LUX-1606551047543-8.0","DEVICE-1606551087920-3.30427818E18","TRACKING_STOPPED_BY_USER-1606551087921"
Id,Tz,From,To,Sched,Hours,Rating,Comment,Framerate,Snore,Noise,Cycles,DeepSleep,LenAdjust,Geo,"15:25"
"1606467277729","Europe/London","27. 11. 2020 8:54","27. 11. 2020 15:25","27. 11. 2020 15:25","6.510","0.0"," \n ","10007","-1","-1.0","-1","-1.0","0","","0.0"
Id,Tz,From,To,Sched,Hours,Rating,Comment,Framerate,Snore,Noise,Cycles,DeepSleep,LenAdjust,Geo,"8:54","8:54","8:54","Event","Event","Event"
"1606467250452","Europe/London","27. 11. 2020 8:54","27. 11. 2020 8:54","09. 12. 2020 8:16","0.010","0.0","\n \n ","10007","-1","-1.0","-1","-2.0","0","","0.0","0.19704723","0.0","LUX-1606467250895-11.0","DEVICE-1606467277728-3.30427818E18","TRACKING_STOPPED_BY_USER-1606467277729"
Id,Tz,From,To,Sched,Hours,Rating,Comment,Framerate,Snore,Noise,Cycles,DeepSleep,LenAdjust,Geo,"8:50","8:50","8:50","8:50","8:50","Event","Event","Event"
"1606467004383","Europe/London","27. 11. 2020 8:50","27. 11. 2020 8:50","09. 12. 2020 8:16","0.010","0.0","","10007","-1","-1.0","-1","-2.0","0","","0.0","0.6118145","0.32342625","0.058836937","0.21164131","LUX-1606467034824-12.0","DEVICE-1606467046523-3.30427818E18","TRACKING_STOPPED_BY_USER-1606467046524"
Id,Tz,From,To,Sched,Hours,Rating,Comment,Framerate,Snore,Noise,Cycles,DeepSleep,LenAdjust,Geo,"7:38","7:39","7:39","7:39","7:40","Event","Event","Event","Event"
"1606462701362","Europe/London","27. 11. 2020 7:38","27. 11. 2020 7:40","09. 12. 2020 8:16","0.030","0.0","€¥$π\,"" \n  #alcohol_3x #food #sport #stress #love_2x #med_2x #dream #talk #snore #laugh #sick #work #cpap #baby_2x #rain #storm #cold #cloudy #hot #gooddream #baddream #lullaby #menses_3x ","10007","-1","-1.0","0","-1.0","0","","1.0","10.0","6.7952356","4.275539","4.275539","DHA-1606462701362-1.6959779E29","LUX-1606462731883-9.0","DEVICE-1606462823190-3.30427818E18","TRACKING_STOPPED_BY_USER-1606462823191"
Id,Tz,From,To,Sched,Hours,Rating,Comment,Framerate,Snore,Noise,Cycles,DeepSleep,LenAdjust,Geo,"7:00"
"1606420800000","Europe/London","26. 11. 2020 20:00","27. 11. 2020 7:00","27. 11. 2020 7:00","11.000","3.0","Manually added #stress #alcohol ","10007","-1","-1.0","-1","-1.0","0","","0.0"
Id,Tz,From,To,Sched,Hours,Rating,Comment,Framerate,Snore,Noise,Cycles,DeepSleep,LenAdjust,Geo,"7:00"
"1605211200000","Europe/London","12. 11. 2020 20:00","13. 11. 2020 7:00","13. 11. 2020 7:00","11.000","0.0","Manually added","10007","-1","-1.0","-1","-1.0","0","","0.0"
