Id,Tz,From,To,Sched,Hours,Rating,Comment,Framerate,Snore,Noise,Cycles,DeepSleep,LenAdjust,Geo,"8:54","8:54","8:54","Event","Event","Event"
"1606467250452","Europe/London","27. 11. 2020 8:54","27. 11. 2020 8:54","09. 12. 2020 8:16","0.010","0.0","\n \n ","10007","-1","-1.0","-1","-2.0","0","","0.0","0.19704723","0.0","LUX-1606467250895-11.0","DEVICE-1606467277728-3.30427818E18","TRACKING_STOPPED_BY_USER-1606467277729"
Id,Tz,From,To,Sched,Hours,Rating,Comment,Framerate,Snore,Noise,Cycles,DeepSleep,LenAdjust,Geo,"8:50","8:50","8:50","8:50","8:50","Event","Event","Event"
"1606467004383","Europe/London","27. 11. 2020 8:50","27. 11. 2020 8:50","09. 12. 2020 8:16","0.010","0.0","","10007","-1","-1.0","-1","-2.0","0","","0.0","0.6118145","0.32342625","0.058836937","0.21164131","LUX-1606467034824-12.0","DEVICE-1606467046523-3.30427818E18","TRACKING_STOPPED_BY_USER-1606467046524"
Id,Tz,From,To,Sched,Hours,Rating,Comment,Framerate,Snore,Noise,Cycles,DeepSleep,LenAdjust,Geo,"7:38","7:39","7:39","7:39","7:40","Event","Event","Event","Event"
"1606462701362","Europe/London","27. 11. 2020 7:38","27. 11. 2020 7:40","09. 12. 2020 8:16","0.030","0.0","€¥$π\,"" \n  #alcohol_3x #food #sport #stress #love_2x #med_2x #dream #talk #snore #laugh #sick #work #cpap #baby_2x #rain #storm #cold #cloudy #hot #gooddream #baddream #lullaby #menses_3x ","10007","-1","-1.0","0","-1.0","0","","1.0","10.0","6.7952356","4.275539","4.275539","DHA-1606462701362-1.6959779E29","LUX-1606462731883-9.0","DEVICE-1606462823190-3.30427818E18","TRACKING_STOPPED_BY_USER-1606462823191"
Id,Tz,From,To,Sched,Hours,Rating,Comment,Framerate,Snore,Noise,Cycles,DeepSleep,LenAdjust,Geo,"7:00"
"1606420800000","Europe/London","26. 11. 2020 20:00","27. 11. 2020 7:00","27. 11. 2020 7:00","11.000","3.0","Manually added","10007","-1","-1.0","-1","-1.0","0","","0.0"
